<?xml version="1.0" encoding="UTF-8"?>
<project-private xmlns="http://www.netbeans.org/ns/project-private/1">
    <editor-bookmarks xmlns="http://www.netbeans.org/ns/editor-bookmarks/2" lastBookmarkId="0"/>
    <open-files xmlns="http://www.netbeans.org/ns/projectui-open-files/2">
        <group>
            <file>file:/C:/Users/UR%20SYSTEM%20ADMIN/Documents/NetBeansProjects/cstcollege/web/admin-login.jsp</file>
            <file>file:/C:/Users/UR%20SYSTEM%20ADMIN/Documents/NetBeansProjects/cstcollege/src/java/connection/DatabaseConnection.java</file>
            <file>file:/C:/Users/UR%20SYSTEM%20ADMIN/Documents/NetBeansProjects/cstcollege/web/index.jsp</file>
        </group>
        <group name="Group 20211119-08:46:09">
            <file>file:/C:/Users/UR%20SYSTEM%20ADMIN/Documents/NetBeansProjects/cstcollege/web/index.jsp</file>
        </group>
    </open-files>
</project-private>
